{"cameraMode":{"drawMode":0,"name":"Shaded","section":"Shading Mode"},"sceneLighting":false,"audioPlay":false,"sceneViewState":{"showFog":true,"showMaterialUpdate":false,"showSkybox":false,"showFlares":true,"showImageEffects":true,"showParticleSystems":true},"in2DMode":false,"pivot":{"x":0.0,"y":4.322999954223633,"z":46.36000061035156},"rotation":{"x":0.43050992488861086,"y":0.06758400797843933,"z":-0.03235859051346779,"w":0.8994807004928589},"size":7.887784481048584,"orthographic":true}