{"cameraMode":{"drawMode":0,"name":"Shaded","section":"Shading Mode"},"sceneLighting":false,"audioPlay":false,"sceneViewState":{"showFog":true,"showMaterialUpdate":false,"showSkybox":false,"showFlares":true,"showImageEffects":true,"showParticleSystems":true},"in2DMode":false,"pivot":{"x":0.27962160110473635,"y":2.2861928939819338,"z":0.6493549346923828},"rotation":{"x":0.6812816262245178,"y":0.06296022236347199,"z":-0.05900973081588745,"w":0.7269205451011658},"size":3.31463360786438,"orthographic":true}