{"cameraMode":{"drawMode":0,"name":"Shaded","section":"Shading Mode"},"sceneLighting":false,"audioPlay":false,"sceneViewState":{"showFog":true,"showMaterialUpdate":false,"showSkybox":true,"showFlares":true,"showImageEffects":true,"showParticleSystems":true},"in2DMode":false,"pivot":{"x":-1.1538488864898682,"y":1.9713740348815919,"z":487.39678955078127},"rotation":{"x":-0.6083818674087524,"y":-0.30714133381843569,"z":0.2756420075893402,"w":-0.6779091358184815},"size":12.09392261505127,"orthographic":true}