{"cameraMode":{"drawMode":0,"name":"Shaded","section":"Shading Mode"},"sceneLighting":false,"audioPlay":false,"sceneViewState":{"showFog":true,"showMaterialUpdate":false,"showSkybox":false,"showFlares":true,"showImageEffects":true,"showParticleSystems":true},"in2DMode":false,"pivot":{"x":0.22124414145946504,"y":3.4752798080444338,"z":-0.23305286467075349},"rotation":{"x":-0.051770828664302829,"y":0.41664788126945498,"z":0.02377520315349102,"w":0.9072825312614441},"size":11.104121208190918,"orthographic":true}